timestamp,rms
0.0,0.001802047460471
0.0059833526611328125,0.0018255640243662
0.04571270942687988,0.0018720420801298
0.0928494930267334,0.0019110946312985
0.09959125518798828,0.0018056709258288
0.14333868026733398,0.0019033245406397
0.18794703483581543,0.0019491048172286
0.1892380714416504,0.0020407872486424
0.23858237266540527,0.00179440180644
0.2794215679168701,0.0018408708144342
0.2846987247467041,0.001899116066535
0.3264129161834717,0.0019538978234976
0.37197208404541016,0.0020044882144791
0.3754251003265381,0.002011559533443
0.4147047996520996,0.0028046799527212
0.4199495315551758,0.0028404337068662
0.4677395820617676,0.0028495047381347
0.5131940841674805,0.0028973521223695
0.5623917579650879,0.0029582065639749
0.6036901473999023,0.0030740340910723
0.6463620662689209,0.0024733711919904
0.6552612781524658,0.0021460035812948
0.6952428817749023,0.002168310769897
0.700136661529541,0.0022373239771258
0.7391352653503418,0.002251333279467
0.785994291305542,0.0025100730181027
0.8269710540771484,0.0025680604733872
0.8279049396514893,0.002654821093858
0.8725438117980957,0.0026452955157315
0.880894660949707,0.0026557547991298
0.9227066040039062,0.0026292714318939
0.9728691577911377,0.0024794236258769
0.9770004749298096,0.0025657336352565
1.0179905891418457,0.0024663445550881
1.0197241306304932,0.0019800804369591
1.0602052211761475,0.0019505208454679
1.106771469116211,0.0019423573332129
1.1475169658660889,0.002112207804391
1.1508841514587402,0.0021254512832117
1.189868450164795,0.0021674530468549
1.234372854232788,0.0021975049283536
1.2394614219665527,0.0021895674521952
1.279510259628296,0.00223699654973
1.2895853519439697,0.0023123753576449
1.3312840461730957,0.00238246610236
1.3789069652557373,0.0024108199962832
1.4187936782836914,0.0022912497309298
1.4241259098052979,0.0025526553166321
1.4690465927124023,0.0026248530259089
1.511200189590454,0.0025940610090163
1.5248746871948242,0.0025428799915666
1.5558733940124512,0.0025465114138157
1.5587725639343262,0.0025055568579878
1.5994200706481934,0.0024914617696171
1.6519770622253418,0.0024918009855369
1.6555020809173584,0.0024120817776131
1.6987004280090332,0.0021437180409244
1.738142490386963,0.0021642270490782
1.744826316833496,0.0021316721424518
1.787933588027954,0.0020903262752243
1.830064296722412,0.0020439875334295
1.8339331150054932,0.0020491910849808
1.8751015663146973,0.0019996474001774
1.880373239517212,0.0019123620235236
1.923173427581787,0.0020064549695744
1.9699680805206299,0.0020268238909738
2.0123989582061768,0.0020869270613975
2.01343035697937,0.0020227330878885
2.0562705993652344,0.0020399311499734
2.1031646728515625,0.0020657598244952
2.1463146209716797,0.0019389602558644
2.1518843173980713,0.0018930239493179
2.197948694229126,0.0018831458079266
2.2459487915039062,0.0018934406199509
2.251403331756592,0.0018867628478052
2.290762424468994,0.0021351056821824
2.292388916015625,0.0022547845205658
2.3364784717559814,0.0022483028322024
2.3478076457977295,0.0023206940689371
2.3915460109710693,0.0024088325200136
2.43288516998291,0.002395085747042
2.4450790882110596,0.0023435985944186
2.4841787815093994,0.0024722318620704
2.4860341548919678,0.0023900930358271
2.529604434967041,0.0021182281589323
2.5347237586975098,0.0022185580955683
2.5831310749053955,0.0021790684672962
2.5939738750457764,0.0021346833907063
2.6298136711120605,0.0021230905393835
2.646289348602295,0.0021582044685908
2.69537615776062,0.0021337857438262
2.738119602203369,0.0021578389234733
2.7473371028900146,0.0021236212722217
2.789870262145996,0.0020900297387157
2.7954514026641846,0.0023086929376982
2.8397064208984375,0.0023266593122707
2.880765199661255,0.0023577650885756
2.920043468475342,0.0024302344349852
2.928823947906494,0.0027936891384386
2.964747905731201,0.0056565542818253
2.9884135723114014,0.0067537161799355
3.0116050243377686,0.0076494701924159
3.0264062881469727,0.0082049475054852
3.0615758895874023,0.0089287971245546
3.1107540130615234,0.0096759111274544
3.1153504848480225,0.0100763297879686
3.151858329772949,0.0104584759468115
3.1653170585632324,0.0096875160349204
3.2026500701904297,0.0093864801289459
3.243997812271118,0.0091154717885968
3.2589616775512695,0.0090236663564843
3.291055202484131,0.0090452147820926
3.3012423515319824,0.0090268504021707
3.330458164215088,0.0091382220025556
3.3428006172180176,0.008679341258791
3.3940272331237793,0.0091332446445494
3.434568166732788,0.0089208989771037
3.444551944732666,0.0092950538981851
3.4862570762634277,0.0088297826626226
3.527311086654663,0.0089620806953678
3.563450574874878,0.0085230400193061
3.5705249309539795,0.0087678441261908
3.6077544689178467,0.0088997460020171
3.625772714614868,0.0088595084289778
3.663114070892334,0.0092358211636102
3.7009336948394775,0.0089665749437445
3.7077207565307617,0.0092945083010243
3.7489442825317383,0.0091002094007034
3.7563788890838623,0.0089983913842888
3.7966487407684326,0.0089530036139923
3.8360657691955566,0.0086284371199618
3.8407535552978516,0.0083070486870159
3.8807530403137207,0.0082333979298281
3.893275499343872,0.0081462547205356
3.933209180831909,0.0076314683687244
3.978964328765869,0.0067005786960098
3.983729124069214,0.0060061609039591
4.02427339553833,0.0054328005215374
4.032421827316284,0.0045967898056973
4.067022323608398,0.0044380050289056
4.075406551361084,0.0036872623672099
4.119384288787842,0.003381668615648
4.15658974647522,0.0023926142441412
4.165510416030884,0.0024695409594298
4.200530052185059,0.0024988913344325
4.211444139480591,0.0025034870419699
4.250547885894775,0.002401875131787
4.298471927642822,0.0023380622048002
4.305816173553467,0.0021563499928886
4.339296579360962,0.0020204754325944
4.342167615890503,0.0018988193435567
4.38703179359436,0.0017762225096733
4.435206890106201,0.0015627115884383
4.478877782821655,0.001622434617194
4.490568161010742,0.0016442030492125
4.527151107788086,0.0017565405012378
4.572496175765991,0.0018729448347177
4.58511757850647,0.0020275743657704
4.615678310394287,0.0020910000654373
4.62380838394165,0.0020689487157885
4.657437801361084,0.0021532905414194
4.7070910930633545,0.0021187069206865
4.711831092834473,0.0022550843788717
4.7514848709106445,0.0021473947296372
4.760037183761597,0.0022006053303774
4.797972202301025,0.0021340762003108
4.806511878967285,0.0021483391468333
4.852358341217041,0.0020709086697506
4.900228977203369,0.0020625113646943
4.9189698696136475,0.0019823272487176
4.955083608627319,0.0019782013971703
4.995790004730225,0.0019224710824648
5.0057477951049805,0.0019543880100097
5.0368452072143555,0.0019548780736072
5.048832416534424,0.0022026527864682
5.087937116622925,0.0023161978908402
5.135112047195435,0.00244253809292
5.140797138214111,0.0024840553505439
5.177518606185913,0.0026420984737428
5.188014030456543,0.0025932354630104
5.223731994628906,0.002652888978937
5.275005340576172,0.0024226175824137
5.311323165893555,0.0023753603279722
5.3184494972229,0.0023079606314793
5.363950490951538,0.0050785977025169
5.41473388671875,0.0061976795161735
5.414771795272827,0.0068465374093161
5.457924842834473,0.0069000616060246
5.472849607467651,0.0074806472994834
5.501708030700684,0.0078206795654195
5.509811878204346,0.0082784497987578
5.551892280578613,0.0086710924328395
5.596463680267334,0.0084831477929762
5.602225065231323,0.0075172477619623
5.641749143600464,0.0076708902750036
5.647788763046265,0.0078103698505233
5.68796706199646,0.0078614105258868
5.698827266693115,0.0077884362888271
5.7356202602386475,0.0077995769413069
5.784824848175049,0.0079417846586294
5.792279481887817,0.0074165664312758
5.838649272918701,0.0075349541453665
5.845008611679077,0.0073444506333638
5.882508277893066,0.007308349468571
5.8948752880096436,0.0074735861697905
5.931593894958496,0.0075390360529541
5.975723505020142,0.0072744242121751
5.987762689590454,0.0071586235238142
6.019798040390015,0.0072404567317715
6.03177547454834,0.0071823629628759
6.0667619705200195,0.00714732735495
6.11536169052124,0.0070765765470356
6.122833490371704,0.0069019803775825
6.158372402191162,0.0068689684576358
6.165876865386963,0.0067234129057752
6.200255393981934,0.0067592537090735
6.210599899291992,0.0067582032616905
6.258435487747192,0.0068433105041841
6.2958080768585205,0.0067789069906431
6.31225848197937,0.0068524933104603
6.350523233413696,0.0068536115210822
6.360018014907837,0.0067025209476089
6.389146089553833,0.0063762212958536
6.400573253631592,0.0064310139368015
6.436146974563599,0.0062392161570651
6.485020160675049,0.0057794371630846
6.492931604385376,0.0050223118247139
6.529485464096069,0.0045661410828995
6.53317403793335,0.0041884490288255
6.571914434432983,0.0048095646950865
6.619747877120972,0.0047138330877104
6.622821807861328,0.0040354811428604
6.6658875942230225,0.0038506825488662
6.675198316574097,0.0037841722098057
6.713268041610718,0.0037749887596594
6.758100271224976,0.0038032282387847
6.7704386711120605,0.0036766264159622
6.800189018249512,0.0024502769928109
6.806556224822998,0.0021192387513392
6.850165605545044,0.0020643682533638
6.893646478652954,0.0022648827982459
6.900349140167236,0.0022640616610992
6.940597772598267,0.0033904881898474
6.945221185684204,0.0034042540660357
6.981136083602905,0.0033879944133513
6.994632005691528,0.0033412540562429
7.039865732192993,0.0033040132879344
7.083011865615845,0.003257572817644
7.093178987503052,0.0031731764696719
7.135868549346924,0.0041508136493167
7.171901226043701,0.004363163451068
7.179461479187012,0.0047420188144759
7.220334053039551,0.0051497941542596
7.261770725250244,0.0056198572863613
7.2697789669036865,0.0059828024812558
7.30941104888916,0.0062491243934922
7.316912412643433,0.0061908479700886
7.357976675033569,0.0061817761114423
7.405956745147705,0.0066058347697651
7.412458419799805,0.0070281425573953
7.449849605560303,0.0069671306418121
7.460040092468262,0.0070223356324183
7.492800951004028,0.0070444468706409
7.540099620819092,0.0070548216021502
7.548681259155273,0.0071352078559719
7.589155673980713,0.0070999395586334
7.598795175552368,0.0067129960383585
7.627683162689209,0.0063852110354163
7.635208368301392,0.0065357571836334
7.691911935806274,0.0062367230864203
7.731542587280273,0.0061872062516532
7.737918138504028,0.006183225222635
7.776149272918701,0.0059430294220896
7.786114454269409,0.0058779835965819
7.82536768913269,0.0057950348456242
7.834705114364624,0.0060271294564657
7.873620271682739,0.0061341583832519
7.919709920883179,0.0061685817765076
7.926788568496704,0.0061076461812545
7.9682252407073975,0.0064382207931747
7.977096319198608,0.006393324484162
8.013428926467896,0.0063552342045611
8.024294137954712,0.0062591969920676
8.06076693534851,0.0061877617522174
8.116627931594849,0.0058351310562388
8.163204193115234,0.0059643805362814
8.169002056121826,0.0057083451490216
8.201377630233765,0.0053889592683047
8.245127201080322,0.0053302111479326
8.248202085494995,0.0051179322666479
8.28771448135376,0.0051059065903652
8.293446063995361,0.0048656017966376
8.328981876373291,0.0049401769982853
8.34447431564331,0.0047921355106394
8.385968923568726,0.0043189798247615
8.434878587722778,0.0041869151187261
8.44685959815979,0.0038874985769651
8.482070446014404,0.0038613206210783
8.487824440002441,0.0035406722177774
8.519716739654541,0.0034723622809372
8.56527853012085,0.0028797764677068
8.576854944229126,0.0026513592749154
8.610512495040894,0.0025400642867335
8.616389274597168,0.0024081774627916
8.651721954345703,0.0022617459434009
8.663613080978394,0.0021157794625138
8.71320915222168,0.0020434361177689
8.757028341293335,0.002060051144301
8.759275197982788,0.0019343050220997
8.795365333557129,0.0020535584638855
8.812165975570679,0.0021243640754377
8.843249559402466,0.0023052246328172
8.850313425064087,0.0023943092638907
8.8967866897583,0.0024765812792492
8.93619441986084,0.0025349792456673
8.94447946548462,0.0025830029491692
8.994137287139893,0.0024493569773867
9.032728672027588,0.0023885601613353
9.081237077713013,0.0021376640383229
9.123496294021606,0.0020312671021615
9.132434844970703,0.0023305309503796
9.163933277130127,0.0022471496891929
9.208149194717407,0.0022081969524623
9.216806888580322,0.002274366504232
9.254992961883545,0.0023079118028029
9.267589569091797,0.0027605562056739
9.297258138656616,0.0027440347909389
9.345399379730225,0.0027803455381682
9.355725526809692,0.0026839088365529
9.392196416854858,0.0024482755174925
9.39529800415039,0.0025487231563583
9.435678482055664,0.0025049945772085
9.48008918762207,0.0025369345283984
9.489991426467896,0.0020848200087498
9.535492897033691,0.0020493560607149
9.579570770263672,0.002143796893224
9.623723030090332,0.0035080892891414
9.675156831741333,0.0047180866094572
9.712475776672363,0.0059979370890308
9.725141525268555,0.0065724584737793
9.75607681274414,0.006958933172141
9.799702882766724,0.0071971671994277
9.811174869537354,0.0074327767948998
9.849929571151733,0.0070678204208814
9.854423761367798,0.0074807226224459
9.901469945907593,0.0071631244175226
9.947668313980103,0.0069179711641815
9.951687574386597,0.0067096293287553
9.98412036895752,0.0064356384615537
9.993780612945557,0.0065283645470426
10.035314083099365,0.0065368347575295
10.075852394104004,0.0066198344675444
10.094208478927612,0.0064543129503537
10.123607397079468,0.0064922992819918
10.127903461456299,0.0065377914942651
10.173117399215698,0.0063784655016107
10.182035684585571,0.0063184037097559
10.220177412033081,0.0062396767241248
10.277505874633789,0.0063267809588963
10.312779188156128,0.0062712933038976
10.319926738739014,0.006271302288758
10.357023239135742,0.0062559373357746
10.39982271194458,0.0059052216017735
10.403417348861694,0.0058432464993602
10.445449352264404,0.0058452904690922
10.454063415527344,0.0057554719040734
10.492926359176636,0.0058596359903414
10.537267208099365,0.0055267226877769
10.571823120117188,0.0052133552696035
10.583707571029663,0.0049497713762012
10.619872093200684,0.004840476440702
10.680954694747925,0.0042846753117484
10.712552309036255,0.0035184179762611
10.72303318977356,0.0030656091221899
10.767598867416382,0.0028875728906369
10.808352708816528,0.0030127138626718
10.810770988464355,0.0028971576391858
10.847919464111328,0.0027750510474181
10.854134798049927,0.0026452103114245
10.897276878356934,0.0025678191071017
10.945061206817627,0.0024056959875284
10.950551986694336,0.0023534115664818
10.989739418029785,0.0019441261048591
11.027854681015015,0.0019832650366351
11.074914932250977,0.0020907036244963
11.078994989395142,0.0020841982916841
11.117501258850098,0.002086386994347
11.130411863327026,0.0022386835475422
11.172785997390747,0.0023856095574274
11.221819400787354,0.0025700344369932
11.233197689056396,0.0026369751443656
11.267985105514526,0.0027032587932463
11.269577026367188,0.0027600458742417
11.312030792236328,0.0027572884523356
11.31665587425232,0.0027723491995385
11.360796928405762,0.0027154874081822
11.366384983062744,0.0024580832210309
11.408717393875122,0.002315589629612
11.448943376541138,0.0021037610777391
11.462713241577148,0.0019716963905383
11.49550724029541,0.0019986891071487
11.50918197631836,0.0017100864197323
11.541956186294556,0.0017728884875969
11.59507155418396,0.0018356292577635
11.629084348678589,0.0018323725778537
11.6415696144104,0.0018264589011824
11.67082929611206,0.0019048929263727
11.72202205657959,0.0020322932118021
11.762674570083618,0.0022547345403045
11.76407790184021,0.0023379176017754
11.80892539024353,0.0024550325639224
11.818284749984741,0.0024997705788045
11.8511483669281,0.0026746764681581
11.85938048362732,0.0028132253830232
11.892041683197021,0.0028973910174397
11.940270185470581,0.002947367670282
11.947427749633789,0.0028379728069069
11.986201047897339,0.0028033536823124
11.989577054977417,0.002597620882208
12.030252933502197,0.0025473963412706
12.073798179626465,0.002247977003924
12.119652271270752,0.0022607990535663
12.1214017868042,0.0019434013931323
12.166903495788574,0.0019235259363617
12.208657503128052,0.0019167178046518
12.212767124176025,0.0019240824316537
12.248693466186523,0.0018962061792034
12.255595684051514,0.0019175995272184
12.303178071975708,0.0020284079010022
12.34942078590393,0.0023538185550826
12.358899593353271,0.004357904204797
12.391587734222412,0.0055494319974249
12.40745496749878,0.0064045604711264
12.439371109008789,0.0068362916716372
12.489984273910522,0.0073073162672555
12.533111333847046,0.0076280342814513
12.539997577667236,0.0079400674898988
12.576387166976929,0.0077020747617264
12.579744577407837,0.0070586782604452
12.626594066619873,0.0065577905767293
12.672916889190674,0.006298476506781
12.684284925460815,0.0064545923071999
12.72321605682373,0.0064575335501852
12.725081205368042,0.0065035548811272
12.763354778289795,0.0064993081394271
12.776254892349243,0.0066238593274087
12.816334009170532,0.0066072591000379
12.833003044128418,0.0066129703946379
12.864323616027832,0.0064360061788034
12.911283016204834,0.0064001335933389
12.919013500213623,0.0063546401418405
12.955944061279297,0.0068264597854745
12.963948965072632,0.0068749459061209
13.000248193740845,0.0064153815545659
13.020249128341675,0.0062837788249717
13.059268474578857,0.0062971076063115
13.099303245544434,0.0061424016318903
13.111640453338623,0.0060378803954447
13.146660089492798,0.0059968566411786
13.150159120559692,0.0055185706106338
13.193642854690552,0.0049557328474478
13.208514928817749,0.0046781844851972
13.24421501159668,0.0043154167132751
13.287455081939697,0.004093732528877
13.29850149154663,0.0037097644158044
13.344465494155884,0.0034552490907268
13.354699611663818,0.0027173542787707
13.386588096618652,0.0026379792465297
13.390170574188232,0.0027012778871403
13.427638053894043,0.0029213291217602
13.475107669830322,0.0028870654943219
13.523572206497192,0.0029345308924084
13.52987289428711,0.0025864037613713
13.563570261001587,0.0024590458001592
13.582726955413818,0.0024802188992161
13.622229099273682,0.0023805259637951
13.66679048538208,0.002182220884462
13.707068681716919,0.0021561409378947
13.71738886833191,0.0020902184486341
13.750536441802979,0.0040271926731032
13.757912874221802,0.004964843221968
13.798579216003418,0.0050541298943156
13.80497121810913,0.0051049684783092
13.842091798782349,0.0051310829341255
13.84891152381897,0.005191129565457
13.89622974395752,0.0051878722154821
13.946263790130615,0.005224400308893
13.954714059829712,0.0057796224009865
13.983765125274658,0.0048603413468372
13.991121053695679,0.0044736908264564
14.02972936630249,0.0044539990790896
14.040123224258423,0.004969596239426
14.080440282821655,0.0049559375034139
14.129786968231201,0.0055620689997925
14.168131828308105,0.0047353361766982
14.181923389434814,0.0046629352912793
14.215238094329834,0.0041308786010817
14.261956930160522,0.0039564740032533
14.272188186645508,0.0038105400681245
14.305426836013794,0.0031906546919395
14.310327529907227,0.0032222333140114
14.357139348983765,0.0031720042778372
14.398801803588867,0.0034277428795497
14.411765098571777,0.0036307928621483
14.44660472869873,0.0037269486737098
14.456304550170898,0.0038199920722415
14.492898225784302,0.0038422594064597
14.527589797973633,0.003947006216605
14.543679475784302,0.003968063975919
14.571565628051758,0.0040466777622268
14.584200143814087,0.002943158782717
14.62210726737976,0.0027032796371693
14.66281270980835,0.0026393032225004
14.708196878433228,0.0025498062098556
14.713391542434692,0.0024809457831821
14.729840278625488,0.0024248958556487
14.756951093673706,0.0024051337886103
14.767698764801025,0.0024191029818001
14.807365417480469,0.0023582430074779
14.8533775806427,0.0025976859564033
14.865143537521362,0.0044167511295784
14.899463891983032,0.005627542253155
14.90501070022583,0.0062651626280998
14.955803155899048,0.0065987768188675
14.999048471450806,0.0070505872307723
15.006319284439087,0.0072946283636642
15.046077489852905,0.007562110341627
15.048758745193481,0.0079259897353801
15.092357873916626,0.0075445050353384
15.093746662139893,0.0070263384330801
15.136226892471313,0.0069156983414649
15.189026832580566,0.0068709369160943
15.21967887878418,0.0069852393045077
15.236520051956177,0.0069145983203368
15.280848264694214,0.0070813762637532
15.294852018356323,0.006908769362202
15.320015907287598,0.0069076682376592
15.345793008804321,0.0069324053001358
15.390098333358765,0.0069388803089149
15.393925189971924,0.0065485473020593
15.433659553527832,0.0065983669357374
15.446232080459595,0.006623204284337
15.48273777961731,0.0066660962014156
15.524262189865112,0.0065194684894038
15.532217979431152,0.0067104018902441
15.571139812469482,0.0066822720130403
15.581703424453735,0.006496212336601
15.622127056121826,0.0064603862358736
15.675976276397705,0.0062232378141906
15.711870193481445,0.006330315680098
15.713501691818237,0.0063734193478466
15.755693674087524,0.0061664073890273
15.799652338027954,0.0059103338202095
15.805239915847778,0.0060324466072885
15.848324060440063,0.0055780320772754
15.852560758590698,0.0052398328533437
15.893694877624512,0.0050286579292133
15.89687967300415,0.0044922427776531
15.940375804901123,0.0041244626420513
15.990220785140991,0.0038580943070062
16.035512685775757,0.0032577976728722
16.038910627365112,0.0030763244752308
16.07686710357666,0.0022901428172294
16.08847999572754,0.0023402542552772
16.126551866531372,0.0022655046736999
16.1345157623291,0.0022817621136507
16.17027497291565,0.0021723089995047
16.175283670425415,0.0021648778387539
16.215507984161377,0.0019823840969776
16.25485348701477,0.0018835945784513
16.265178442001343,0.0019349457808616
16.302489280700684,0.0018096296756945
16.31276822090149,0.0017063920693211
16.34418797492981,0.0016644687687268
16.395861864089966,0.001732249705606
16.437183141708374,0.0016770818823432
16.448888540267944,0.0017871333613468
16.477325201034546,0.0018334178034675
16.493134260177612,0.0019136874653908
16.532726287841797,0.0018916840292482
16.534591674804688,0.0018465857777109
16.563599824905396,0.0019317398616544
16.57471776008606,0.0018803011073233
16.619611501693726,0.0018143874074081
16.664442539215088,0.001815101543712
16.67481517791748,0.0020618555929545
16.714494466781616,0.0019951620142749
16.726295471191406,0.0020307122324226
16.755807399749756,0.0020808703040245
16.768148183822632,0.002157159889628
16.807687997817993,0.0023027300913791
16.853098392486572,0.0023794369007505
16.869510889053345,0.0025008523013659
16.896912813186646,0.002557991592133
16.90459895133972,0.0024005375691438
16.941585063934326,0.0023685425184346
16.987679481506348,0.0023896686459503
16.99483323097229,0.0022911021733354
17.035555601119995,0.002261621375283
17.048410415649414,0.0020813847309215
17.082873106002808,0.001963075628141
17.1233012676239,0.0036584050276561
17.132528066635132,0.0049536516985096
17.170364141464233,0.0059029883867346
17.184772491455078,0.0066219876038663
17.21210217475891,0.0069562039356765
17.256712913513184,0.0072976093786691
17.271965265274048,0.0075650306449763
17.304675817489624,0.0080177420280058
17.308511972427368,0.0081226408224454
17.34425687789917,0.0075685230988059
17.387839555740356,0.0070811773351669
17.40135407447815,0.0066545990217244
17.435299396514893,0.0068704448543533
17.440955638885498,0.0068055198656373
17.490213871002197,0.0068035987356984
17.5392062664032,0.0067010748224585
17.573779344558716,0.0066431328358063
17.58741307258606,0.0064985191532683
17.622780084609985,0.0064777021339581
17.66389513015747,0.0063724909861913
17.67142653465271,0.0064305232618333
17.707594871520996,0.0062868179079489
17.72002077102661,0.0059378694380895
17.75303339958191,0.0060964637358435
17.76950168609619,0.0062152740350917
17.810396671295166,0.0062319147884346
17.852806568145752,0.0060205442678939
17.86456298828125,0.0060615285524062
17.909403800964355,0.0057074270777286
17.944846868515015,0.0055551861077639
17.952102661132812,0.0056784864303312
17.997679471969604,0.0052995297883425
18.0397207736969,0.0047555928933466
18.047523260116577,0.0046618717812959
18.085364818572998,0.0038486041130925
18.095219612121582,0.0034036415921344
18.13644027709961,0.0033049340771431
18.175999879837036,0.0032850973849075
18.179720401763916,0.0024867078880782
18.226027488708496,0.0024200344987995
18.226486921310425,0.0023783710304481
18.266690015792847,0.0022712675561772
18.273857355117798,0.002108710260865
18.321186780929565,0.0020491360901179
18.369123697280884,0.0018975429060308
18.402867078781128,0.0019431694282958
18.415804147720337,0.0019891091122636
18.45914077758789,0.002095199621773
18.5026113986969,0.0021068924529444
18.517000913619995,0.0021234620662985
18.549831867218018,0.0024286572942646
18.562114477157593,0.002540907108224
18.594108819961548,0.0026422690803018
18.63237166404724,0.0026677153828715
18.643293142318726,0.0027501267052013
18.67654013633728,0.0027645131755858
18.68886709213257,0.0036812824691436
18.724214553833008,0.0044022219463041
18.773969888687134,0.0053175953460703
18.814294815063477,0.0053126233657979
18.821672439575195,0.0052998487508276
18.861759662628174,0.0052139604909759
18.90360975265503,0.0051800897288751
18.91974687576294,0.0051307864263841
18.947774410247803,0.0038809270855954
18.958072423934937,0.0026206206886744
18.992335081100464,0.0020854685593839
19.041143894195557,0.0021100458852378
19.059029579162598,0.0021383229123556
19.095946788787842,0.0022148468968981
19.13395643234253,0.0023360851887128
19.138999938964844,0.0024229199255729
19.18367028236389,0.0024712972195874
19.233581066131592,0.0024425150238831
19.237415552139282,0.0024262199897306
19.271705865859985,0.0024592749301342
19.284133195877075,0.0024297474860785
19.31765627861023,0.0023431176885399
19.35993790626526,0.0023364228464711
19.405508756637573,0.0022549844305335
19.423219919204712,0.0030471179397929
19.44706630706787,0.0050440191022854
19.458301782608032,0.006077904217231
19.49239754676819,0.0064909799383001
19.502621173858643,0.0070794026448656
19.540252923965454,0.0073607432657637
19.549520015716553,0.0076512378513291
19.593100786209106,0.0079719519409578
19.638099193572998,0.008317528598932
19.6466166973114,0.0077612951739767
19.682053089141846,0.0071991789753049
19.690550088882446,0.0067464955634036
19.72652816772461,0.0069244433955085
19.737065076828003,0.0069031150595185
19.775875568389893,0.0069200722499025
19.82010293006897,0.0069216354346521
19.840295791625977,0.0067784913745065
19.867933750152588,0.0066480844505029
19.87844228744507,0.0066690793488802
19.916398286819458,0.0067729862126465
19.969358921051025,0.0066865036737087
19.973758459091187,0.0065660082926871
20.00969672203064,0.0067131806967615
20.023320198059082,0.0066304146970727
20.05140256881714,0.0066969365077351
20.061941862106337,0.0066738512998545
20.108778476715102,0.0063697670114482
20.155577898025513,0.0062724252949565
20.16094136238098,0.0060343891415518
20.199539184570312,0.0055385976794083
20.247107982635498,0.005337268038981
20.25796008110045,0.0051240389891372
20.30025982856749,0.004766670206314
20.345175266265855,0.0044847608481254
20.352385997772217,0.0042622603893977
20.382763862609863,0.0039415776733533
20.393003225326538,0.0035941378871486
20.431292295455933,0.0034904894351918
20.43637466430664,0.0032375155613835
20.47852659225464,0.0026829429258331
20.5347683429718,0.0029571968688608
20.543114900588975,0.0029147251449643
20.579879522323623,0.002922293365009
20.582392930984497,0.0028650444512279
20.61837482452394,0.0027138891773168
20.663645982742295,0.0026221468361484
20.66495394706726,0.0024843048550335
20.70350956916809,0.0023941445229681
20.71946668624878,0.0023092054138731
20.751340627670302,0.0018762812500092
20.76879048347473,0.0017813225571586
20.809252738952637,0.0017811643903046
20.85162043571472,0.0017924852973586
20.862070322036743,0.0018042973645371
20.895873546600342,0.0018370714099014
20.902751922607422,0.0018889416791459
20.936853170394897,0.00185844813971
20.984347581863418,0.0018808404336021
20.98807430267334,0.0018711388899966
21.02816367149353,0.0018946900820574
21.04108881950377,0.0019483241169878
21.077275276184082,0.0019623004861881
21.11584973335266,0.0019655998949982
21.127747058868422,0.0020381902286053
21.160558938980103,0.0020236799951673
21.168647527694702,0.0019926186415992
21.204244136810303,0.0020991760499614
21.248887062072754,0.0020807890670991
21.26017808914186,0.0020286578947876
21.298019170761094,0.0020066796188467
21.320533514022813,0.0019424443596401
21.35791921615602,0.0018128650485075
21.399968862533584,0.0018353222706792
21.412704706192017,0.0017831246676742
21.444846868515015,0.0016931321584532
21.45749807357788,0.0016313702836858
21.488305091857896,0.0017080093308594
21.499769687652574,0.0020479533433617
21.54116988182068,0.0020273242383727
21.591172456741333,0.0021616479977945
21.598371744155884,0.0022095234421333
21.634064197540283,0.0022726812006019
21.64353847503662,0.0022359383796825
21.67244815826416,0.0022565081616642
21.67867350578308,0.0022739700745705
21.719443082809462,0.0022739700745705
21.76829266548158,0.0020389088842365
21.771640300750732,0.0019906099101616
21.811091423034654,0.0019830661489837
21.8147966861725,0.0018847309855401
21.859014987945557,0.0018682759073401
21.900064706802382,0.0018816191875375
21.908430814743056,0.0019479481126863
21.94623446464537,0.0019051887034232
21.951668977737413,0.002227783752235
21.995395183563232,0.0049063111188327
22.0324547290802,0.0060832603511489
22.04936242103578,0.0064711139673951
22.080990076065063,0.0068799354310709
22.085536479949937,0.0071697290001953
22.12776398658754,0.0073541186808745
22.17349886894226,0.007693635035767
22.186032533645616,0.007973845972871
22.22659468650818,0.0073943182188349
22.23343420028685,0.0066672963815445
22.277526855468736,0.0062619240738857
22.320021867752075,0.0067461614751056
22.368766784667983,0.0069855216278178
22.37620186805725,0.0070098232008435
22.411376953125,0.007043022950091
22.425062179565415,0.0073647457600129
22.45205688476561,0.0072251719076622
22.46393418312074,0.0069654401472351
22.500310897827134,0.0069713106303187
22.547790765762343,0.0066831994985958
22.5498881340027,0.0066938984340769
22.593747377395616,0.0064119288795733
22.60496711730957,0.0063978353383586
22.644943475723252,0.0060999841225012
22.686648607254014,0.0056561657770863
22.72891640663147,0.0057825659119561
22.735653162002578,0.0057329693891511
22.776982069015503,0.00552869003539
22.784723043441772,0.0053778750087786
22.8344829082489,0.0054028165090977
22.87577986717224,0.0054579556002159
22.881633758544936,0.0051949163791742
22.921419382095337,0.0050121480897652
22.932004928588853,0.0051643368248654
22.968857049942017,0.0048860103880961
23.01796007156372,0.0045491665449577
23.064463138580336,0.0047216680628279
23.071341514587417,0.0049654106468905
23.104484558105455,0.0045239776629992
23.11257553100586,0.0045836674396879
23.154501914978013,0.0038274779836166
23.196277618408217,0.0036973800907768
23.21467208862306,0.0036591596475749
23.240782976150513,0.0035141394250965
23.253569364547744,0.0034612776345019
23.289658308029175,0.0023043445147817
23.334763765335083,0.0021588570737803
23.336179018020616,0.0020188851987895
23.37892198562622,0.0019884574701676
23.38318133354187,0.0020881956691634
23.425108671188354,0.002122612766368
23.436654090881333,0.0021673750552013
23.480620384216294,0.0021887695470567
23.532066583633423,0.0023419149917998
23.56442618370056,0.0024585645577038
23.57292723655702,0.0024426534348365
23.61805486679077,0.0025176043299812
23.656408309936538,0.0024508058452931
23.664373874664292,0.0028215452396639
23.706269264221177,0.0028230026855861
23.708775520324693,0.0027421244393926
23.74820566177368,0.0027862165059621
23.79163646697998,0.0028093771390336
23.802553415298462,0.0027561438233568
23.846179962158217,0.0027096919355693
23.85179829597473,0.0026596346475084
23.88735294342041,0.0023085709027934
23.90157413482666,0.0022786484954885
23.933583974838257,0.0021933728049209
23.980211734771743,0.0020832247968273
23.992013931274414,0.0023668766589512
24.030663013458252,0.0028594535774955
24.040109872817993,0.0029076023582144
24.072339296340942,0.0029221391074709
24.082998037338257,0.0029554052403961
24.123403072357178,0.0030251257785928
24.163214206695557,0.0030656458825173
24.175728797912598,0.0031489698592649
24.209903478622437,0.0028646707544794
24.222567558288574,0.0025213392020781
24.259959697723374,0.0023669956877952
24.302851676940918,0.0023179244823651
24.310020446777344,0.0030780640273741
24.348268270492554,0.004911763246873
24.358741760253892,0.0057047411180155
24.401652097702012,0.0063511988053977
24.446497201919556,0.0068984935326905
24.458155632019057,0.0074836069213466
24.492254018783584,0.0078180926004373
24.494296073913574,0.0082731799402819
24.541574478149414,0.0084549912897503
24.552316427230835,0.0081046471328518
24.583636283874498,0.007662533858655
24.631545066833496,0.0076471642566608
24.637935161590576,0.0074616190195465
24.67749404907225,0.0073471430171265
24.68655562400818,0.0072001494365624
24.721943140029893,0.007099669721772
24.76337838172914,0.006959613289965
24.774768829345703,0.0068048740290232
24.813807487487793,0.0064898513394555
24.852359533309937,0.0062738444871682
24.870095252990737,0.0062897838553075
24.91384506225586,0.0060892965638663
24.951560497283936,0.00618975567953
24.96575021743773,0.0061442818920463
25.000602483749375,0.0063054416594
25.006146907806396,0.0061908570717002
25.040699481964097,0.0060428897113406
25.048141479492173,0.0059905391712752
25.09559559822081,0.0059334267434208
25.13847517967224,0.0056879845713858
25.140405178070054,0.0056704829778533
25.184723615646377,0.0054845673723682
25.195387363433838,0.0052258884686251
25.234085083007812,0.0055209899417669
25.2764892578125,0.0056624980658015
25.301099061965942,0.0051535676068735
25.325608491897583,0.0051022745866619
25.33859872817993,0.0049204969889184
25.372066497802734,0.0045217601061471
25.418298721313477,0.0043877859128025
25.433658361434937,0.0042041326383417
25.469019651412978,0.0033466630055076
25.507681369781494,0.0026955772862357
25.52344298362732,0.0025650966797449
25.555686950683594,0.0023773283840831
25.60340404510498,0.0026742340298551
25.609712362289415,0.0027003807887622
25.652684450149536,0.0025371122066524
25.658353090286255,0.0026319917046496
25.697514057159424,0.0027924988965911
25.73988366127014,0.0028230026855861
25.752345085144057,0.0029459717514714
25.784154176712036,0.0030450646567466
25.79438018798828,0.0030060482269567
25.83278226852417,0.0029095008908086
25.85093116760254,0.0028612659018606
25.881789684295654,0.0029150730956802
25.929255008697496,0.002781824569409
25.941850423812852,0.0028812631271243
25.97908186912538,0.0028548190479
26.016997098922744,0.0026822917898111
26.02298069000244,0.0025852706543731
26.065119981765733,0.0026083577609518
26.10863590240477,0.0023934854458886
26.12055134773253,0.0023024853830234
26.15193510055542,0.0022846248676501
26.15674090385437,0.0021393240122499
26.20022988319397,0.0019873520235003
26.247849941253662,0.0020319327458405
26.255666494369493,0.0020730298620999
26.298298358917236,0.0021179887374719
26.305219650268555,0.0021684406983371
26.342169761657715,0.0021960428917288
26.388647079467773,0.0023020203654821
26.398173332214355,0.002376878009033
26.42739844322206,0.0025285472831155
26.445817232131958,0.0026066938469791
26.474011421203613,0.0025807114176134
26.488796949386597,0.0026442941917323
26.52918767929077,0.0027009023938457
26.574037790298462,0.0026758770033663
26.57715940475464,0.0026633819107536
26.61826992034912,0.0025881460342273
26.62019395828247,0.0025808205843013
26.66562151908873,0.0025245775736107
26.71109533309938,0.0023883006544699
26.71973061561586,0.0024293300236142
26.766295909881592,0.0021885378426902
26.805836200714097,0.0022929705345753
26.80805277824402,0.0023029747737327
26.848406076431274,0.0023157356268777
26.8935706615448,0.0023013593894451
26.93813729286194,0.0026844966120494
26.940988779067993,0.0054483460248261
26.98482608795166,0.0066751007337884
26.993490695953383,0.0070918240960461
27.02432227134706,0.0075437880176384
27.043762445449815,0.0077109071676262
27.076920747756958,0.0079942489592628
27.125266075134277,0.0083631648547775
27.168617486953735,0.0076610556548975
27.17113590240477,0.0067814333885148
27.210211992263794,0.0064799285848509
27.217580080032334,0.0063345067080526
27.261169672012343,0.0063707311486542
27.31931304931642,0.0064389646626356
27.356441259384155,0.0065557023067613
27.359917879104614,0.0064451485793897
27.404432773590102,0.00649872724683
27.405838966369615,0.0065531318762219
27.448782920837417,0.0066008002437404
27.499279260635376,0.0065593112437619
27.505456686019897,0.0064344913989512
27.547051668167114,0.0063913676165047
27.584315061569214,0.0062184643950857
27.60341906547545,0.0059653818561312
27.635509252548218,0.0056932621671736
27.680423021316543,0.0054714218450578
27.693504810333252,0.0054787082404327
27.724875926971436,0.0050630520892632
27.7321288585663,0.0046804964719463
27.77429747581482,0.00497314385869
27.816055297851577,0.0045089817413263
27.827084064483657,0.0043997765411019
27.865904092788696,0.0048422687830674
27.877507925033584,0.0046959046256557
27.9146821498871,0.004397906361545
27.964935064315796,0.0044426114354545
27.972367048263536,0.0045048684988327
28.013529539108276,0.0039184943622974
28.020203113555894,0.0039772266341027
28.056021213531494,0.00396151234089
28.07102346420288,0.0031720575686815
28.105040311813354,0.0026194163394834
28.11429238319397,0.0024640360029591
28.152150392532334,0.0024502310002441
28.1602556705475,0.0022695551243073
28.20981478691101,0.0021172170841483
28.25359678268434,0.0020162320219114
28.256874322891235,0.0019148060129104
28.29646587371826,0.0018968301022845
28.303517341613784,0.0018174593029154
28.337480068206773,0.0019027619743571
28.350323677062974,0.0019468196640581
28.38938713073729,0.0021334952477985
28.446558952331543,0.0023655669463795
28.49187159538269,0.0026242304199469
28.528305530548096,0.0027220779540009
28.53627967834474,0.0027780950913119
28.582329511642456,0.0028577584088542
28.62971520423889,0.0027512328767437
28.64086723327638,0.0026839508247858
28.669185876846313,0.0026438253565762
28.676234483718872,0.002491461769617
28.717949151992798,0.0023594134996604
28.771450281143174,0.0021994271800712
28.80868291854857,0.0021087369816428
28.81549215316774,0.0021575255497929
28.852140188217177,0.0021865287096624
28.866399049758897,0.0021504101641307
28.905259132385254,0.0021504625690622
28.94887089729309,0.0021281536343297
28.9604048728943,0.0020806807462647
28.995128870010376,0.002058737824626
29.00111961364746,0.0021395083742962
29.043766260147095,0.0020550670318704
29.048905372619615,0.0020456408885856
29.09554934501648,0.0020702555579332
29.144907236099257,0.0021981458657024
29.18743586540222,0.0021439808706449
29.19459819793701,0.0022194214564641
29.234472036361694,0.0021431922847874
29.24148416519165,0.0021128212794164
29.28171396255493,0.0023929203781959
29.33647227287294,0.0026339177560625
29.3389151096344,0.0025228137348995
29.381515264511094,0.0025362681240872
29.393095731735215,0.0025214732861483
29.42377734184265,0.0025218084651336
29.439183473587036,0.0024537010145131
29.472890377044678,0.0024493799819839
29.528327226638794,0.0023655669463795
29.537625074386597,0.0019629608116105
29.569044589996338,0.0021788357312861
29.58100056648253,0.0021966329534396
29.61301565170288,0.0022026527864682
29.661644220352173,0.0023026811517884
29.66699600219725,0.0023141778478479
29.71768188476561,0.0023861291282835
29.747939825057983,0.0023214709028244
29.7645001411438,0.0021257428784976
29.800374031066895,0.0020575332118432
29.848354578018174,0.0020483109899878
29.858795881271377,0.0020686763530955
29.899709224700942,0.0019622143404027
29.907222747802734,0.0020244316354344
29.945404767990112,0.0019884291330582
29.948849201202393,0.0020729483179148
29.9831326007843,0.0021123945330418
29.99699568748474,0.0021754712116566
30.046070575714097,0.0021867606269122
30.10491037368773,0.0025658214787801
30.139921188354492,0.002586229469531
30.143781900405884,0.0026209431882373
30.186163187026978,0.0025678849365205
30.197176456451416,0.002573474282409
30.23064208030702,0.0026612866341183
30.269574403762817,0.0026951382790474
30.273005008697496,0.0029943852954364
30.315640926361098,0.0027945764464294
30.327011108398438,0.0026619429082019
30.371046781539917,0.0025847257145772
30.41199827194214,0.0025722040472955
30.417337894439697,0.0025709551013383
30.45433521270752,0.0026954518629065
30.469424962997437,0.0026777925317269
30.501496076583862,0.0026002225797341
30.50640034675598,0.0021566374104164
30.557556152343736,0.0022031387776711
30.600392818450942,0.0023821586248141
30.614418745040894,0.0024087389513172
30.65616393089293,0.0024190098103711
30.70089292526245,0.0025884725798327
30.7029709815979,0.0025625692629303
30.740580797195435,0.0025814754874824
30.750266313552856,0.0026520817450979
30.801553487777696,0.0026120060117952
30.84799098968506,0.0026331903022189
30.8600106239319,0.0027106067399011
30.8930344581604,0.0025950382896361
30.903691053390503,0.0025013479345347
30.941380262374878,0.002515902791956
30.949155807495117,0.0024076158433193
30.993870973587036,0.0023223202673474
31.031188488006592,0.0022194976192429
31.03624296188353,0.002208299018418
31.078228712081895,0.0022679904703546
31.082662343978882,0.0022147960153833
31.116251230239854,0.0023244786819885
31.163578748703017,0.0023178272437922
31.174614667892456,0.0024036105062018
31.207749128341675,0.0023670671022286
31.21988582611084,0.0024981696720282
31.2579402923584,0.0023987529920987
31.30541682243347,0.0022761990933131
31.315626621246338,0.0023570480285278
31.35632157325746,0.0023381586018484
31.39060878753662,0.0023276520332026
31.438110828399658,0.0023538664314681
31.450798749923692,0.002500581914595
31.48123788833618,0.0025342456257105
31.49219846725464,0.0025657995181811
31.527482986450195,0.0025857718975554
31.57698225975038,0.002518812619024
31.61978268623352,0.002760535794228
31.62975525856018,0.0026876432205
31.661829471588135,0.0026381714778151
31.674073934555054,0.0029349340914887
31.720376491546617,0.0059104863557783
31.76272988319397,0.0066228299449217
31.79970741271974,0.0075913370468274
31.81727528572081,0.007875203050142
31.84819626808165,0.0083423740692738
31.85856676101686,0.0086532233887156
31.892314672470093,0.0089294723412311
31.9014995098114,0.0094311320491308
31.94678688049318,0.0081083727620469
31.98459267616272,0.0079618098012985
31.999074459075942,0.0078644561275109
32.03826022148134,0.0079295079641371
32.07544875144957,0.0076235713509309
32.0856192111969,0.0077703793345517
32.123887062072754,0.0076048636443378
32.13477158546448,0.0074561950404307
32.17295002937318,0.0078171844376165
32.21218347549437,0.0075734053644245
32.230220794677734,0.0075182671026462
32.25670838356018,0.0074583333750331
32.272150754928575,0.0076588488499413
32.30959367752075,0.007487807122906
32.351420879364014,0.0078157931582073
32.36371827125549,0.0074852180299536
32.39285922050476,0.0072611046154239
32.4037139415741,0.0065754155486115
32.44734311103822,0.0061222605073468
32.48712992668152,0.0063138628796407
32.50236248970032,0.0059922790200932
32.5290641784668,0.0056327964531951
32.540650606155396,0.0050420749736919
32.57697820663452,0.0043241951985255
32.618483781814575,0.0038974723844015
32.62175559997557,0.0036018272648641
32.66651439666748,0.0037566745037997
32.67867708206178,0.0028483576024361
32.7184178829193,0.0028363045325229
32.77203607559204,0.0030031226683854
32.774303913116455,0.0029218498526364
32.81472969055176,0.0028121035225131
32.81760311126709,0.0027662858547035
32.85336947441101,0.0026538021316222
32.868271589279175,0.0025053994320897
32.90062475204468,0.0024366484154169
32.94430375099182,0.0024146733686223
32.95019006729126,0.0022427321897205
32.99242329597473,0.0021472110447227
33.0078284740448,0.0021021802390477
33.039440870285034,0.0019830377348337
33.08624386787413,0.0019952184968436
33.10062909126282,0.0019865579901259
33.134623765945435,0.002192807562239
33.135998487472534,0.0023088637757286
33.18217539787294,0.0023316670224964
33.22768950462341,0.0024441754380118
33.23740601539612,0.0025644815381009
33.27753973007202,0.0027357675629863
33.329603672027574,0.0027515400676957
33.3593065738678,0.0028381316390379
33.372787952423096,0.0027688308207188
33.41769146919249,0.0026813252965724
33.45610046386717,0.0025089054377824
33.4594166278839,0.0025135276705628
33.50356388092041,0.0023825843523887
33.50687885284424,0.0022886168591811
33.54881834983826,0.002180981132883
33.59587121009825,0.001911183081285
33.59938502311705,0.0019032357254395
33.652709007263184,0.0019421832686598
33.688827991485596,0.002001252920763
33.69173574447632,0.0019508674712169
33.74300980567932,0.0021580478139795
33.78069615364073,0.002153316708995
33.788060665130615,0.0022218320101041
33.82498526573181,0.0023031705008996
33.83237600326538,0.0022542596725533
33.86979269981386,0.0023500332384651
33.92732071876526,0.002304148887342
33.96361565589906,0.0021725424346983
33.97213912010194,0.0020485860602892
34.01699900627138,0.002060379343418
34.054699659347534,0.0018801812360298
34.063633680343614,0.001966545659716
34.09989666938782,0.0041947536882154
34.1106595993042,0.0042259892410247
34.14458417892456,0.00420882096976
34.15263533592224,0.0042068257188012
34.206816434860215,0.0042257225649401
34.25392389297485,0.0043366994984931
34.26171207427977,0.0043951380610012
34.29573607444763,0.0043831733094449
34.3057315349579,0.0028825535514172
34.34028291702269,0.0023297087656349
34.354870557785034,0.0024239894524084
34.38889718055725,0.0026345594602932
34.3947353363037,0.0028574231983338
34.4412841796875,0.0028065678013253
34.48490047454834,0.0026433138052036
34.4883987903595,0.0026107761064152
34.52376747131348,0.0026368683024847
34.53614044189453,0.0025702755952442
34.5758957862854,0.002562393349888
34.6158652305603,0.0025399533683487
34.62762188911438,0.0023106933905582
34.6615447998047,0.0022587544125057
34.668415546417236,0.0036948646948187
34.71156215667726,0.0052225664856997
34.761932373046875,0.0060030360550746
34.77179765701294,0.0065960437835585
34.807554960250854,0.0070127404797928
34.81346821784973,0.0077307067421794
34.84631633758546,0.0079927475071736
34.8536581993103,0.0084381337575
34.89651846885681,0.0087855441789178
34.94295835494994,0.008026774634365
34.95139122009277,0.007840022252139
34.98444986343384,0.0077498086686397
34.99647927284242,0.0078201391838428
35.035173416137695,0.0078545482241264
35.073785066604614,0.0080267395350499
35.081215381622314,0.0079007834041509
35.116036891937256,0.0079578668654929
35.12792086601257,0.0078402306742011
35.169532299041734,0.0077062216963355
35.20951962471008,0.0075968499660856
35.22224998474121,0.0074276655473705
35.25093340873718,0.007239016880253
35.26120734214781,0.0070487408880602
35.30482292175293,0.0069245410432207
35.34812688827513,0.0069701789660314
35.36910724639894,0.0066918189573904
35.39426469802858,0.006425272448081
35.40949153900145,0.0063628014285175
35.44315767288208,0.005943038903229
35.48007416725157,0.005861001314804
35.484264612197876,0.0055249688135445
35.53178691864014,0.00518712273565
35.53453087806702,0.0044430172808005
35.57984876632689,0.0041300737405169
35.62226366996765,0.0033767830014916
35.65993142127989,0.0033333523852277
35.67485094070433,0.0026319702961609
35.712369918823256,0.0023283781462192
35.76108026504518,0.002424802906807
35.76967525482178,0.0025729925429092
35.79995679855345,0.0024903533422794
35.80707788467407,0.0022685866562498
35.8530032634735,0.0023829154212512
35.86083912849426,0.0023708014554877
35.8996958732605,0.0023430455441447
35.949920415878296,0.0023274341551237
35.98344802856445,0.0022175673559234
35.995452880859375,0.0022873855063361
36.03112268447876,0.0022934128182475
36.08037042617798,0.0023231208123263
36.11890697479248,0.0023820876628211
36.13372015953064,0.0023007472052838
36.17526197433472,0.0022827990426357
36.21861219406128,0.0023015552539864
36.229606389999375,0.0024593894871167
36.2696008682251,0.0025864473324962
36.272911071777344,0.002705863039234
36.31148314476013,0.0026552455460476
36.355767011642456,0.0027139514636723
36.36057329177858,0.0026220823690173
36.39424872398378,0.0025825448055229
36.40578818321228,0.0025936699936629
36.440807580947876,0.0025560744616459
36.491967201232896,0.0023227327037637
36.5026891231537,0.0022491297227639
36.5296356678009,0.0024224315063289
36.536310911178575,0.0025357126533767
36.5724892616272,0.0023897158041029
36.5854847431183,0.0023723458046697
36.62281537055969,0.0024416843933956
36.664572954177856,0.0024338718708834
36.71480703353882,0.0024378043756391
36.7216796875,0.00244029938096
36.7574622631073,0.0022506574176291
36.76492166519165,0.0023178029335115
36.80379104614258,0.0023949445870124
36.807570695877075,0.0024734850961187
36.84175086021423,0.0026116824086391
36.88402056694029,0.0026027350819383
36.93046855926514,0.0026622392370174
36.93942189216614,0.0027065917790766
36.972466468811035,0.0025539573372117
36.98398232460022,0.002622941800486
37.01824712753296,0.0024696778557385
37.03193831443785,0.0023872387417187
37.05974507331848,0.0022107471877008
37.0733323097229,0.0021338121505949
37.11410307884218,0.0020495210231692
37.157972812652574,0.0020622108285324
37.16966795921326,0.0019708960498423
37.21079826354982,0.0019619845998165
37.213190555572496,0.0018979882724314
37.250485658645616,0.0020392404860305
37.291653633117676,0.0020322654859211
37.29936933517456,0.0020888431717121
37.34022498130798,0.0020402073500844
37.35000157356262,0.0019411385535606
37.3857581615448,0.002044676593885
37.43123912811279,0.0021928846493659
37.468342781066895,0.0021379803231991
37.48074007034302,0.0021143941622891
37.51999497413635,0.0020226773736554
37.56519508361818,0.0020496584817393
37.572587013244615,0.0020456408885856
37.6087007522583,0.00194569056096
37.61207628250122,0.0019396575772844
37.65640068054199,0.0017466324580557
37.70534348487854,0.0016768466792732
37.71268367767334,0.0017581757305489
37.74520039558409,0.0018804808999362
37.75193214416504,0.0018599331891368
37.79321885108948,0.0019808201753478
37.83568286895752,0.0020797056048715
37.840364933013916,0.0022041360028439
37.88262510299681,0.0022526843948166
37.898517370224,0.002257431890904
37.927906990051255,0.0022092684098204
37.93062901496887,0.0023763089922251
37.98007440567018,0.0024805369371605
38.0260488986969,0.0024272416342993
38.03464007377626,0.0025071755220756
38.06831097602846,0.0024393063049721
38.08650016784668,0.0025289038056994
38.119220495224,0.0024104927599747
38.12432003021242,0.0024076392467463
38.170454025268555,0.0021881516142232
38.21459460258484,0.0021222676411871
38.22291564941406,0.0021669070463306
38.2606475353241,0.0023873567553501
38.27471375465393,0.0024162129968601
38.30549430847168,0.00248180868138
38.32307767868042,0.0025100730181027
38.352934837341294,0.0026534836256784
38.40354299545288,0.0027603316714677
38.409648418426514,0.0027695836821038
38.439836740493774,0.0027948385516978
38.44905090332031,0.0026241660040025
38.49655818939209,0.0025267193153096
38.542662143707275,0.002486571929345
38.58782887458801,0.0024712972195874
38.61974406242369,0.0023455692776708
38.67010188102722,0.0022900936086471
38.67754364013672,0.0024341033705625
38.71010303497313,0.0023944975253522
38.72160458564758,0.0022753077478566
38.76173520088196,0.0022051327770426
38.80694937705994,0.0023079118028029
38.81006407737732,0.0022016037030855
38.849952220916734,0.0023002573406488
38.85549426078798,0.0044262707286378
38.89691114425659,0.0055883967333623
38.90395140647888,0.006866917380043
38.94342112541197,0.0077242535569508
39.00163340568541,0.008252135134249
39.03568100929262,0.0084993459300875
39.044344663619995,0.0088001229630846
39.0868856906891,0.0083205562299299
39.13247847557068,0.0080437447267936
39.14425492286682,0.007249494016656
39.17725849151611,0.0067417583158383
39.18579506874086,0.0069440835576859
39.21943688392638,0.006836242217686
39.23391628265382,0.0073684860871666
39.27013349533081,0.0072680000503249
39.315278768539415,0.0073101610734895
39.31886053085327,0.007364569787829
39.35957336425781,0.0070778344989421
39.36800956726074,0.0070596201465813
39.40771460533142,0.0071335492932403
39.45158576965332,0.0071699176131624
39.46475839614868,0.0066411138243639
39.49528908729553,0.0065412294194034
39.501878261566176,0.0060480066781382
39.53992247581482,0.0060544317052504
39.55291867256166,0.0061511926360492
39.595664978027344,0.005892201707815
39.64613580703735,0.0049493273918085
39.686275243759155,0.0048439674043269
39.695935964584336,0.0043295604655498
39.73212647438049,0.0040237072647135
39.77664589881897,0.0034414743473146
39.791179180145264,0.0027375382731868
39.82319474220276,0.0018154740250506
39.82459831237793,0.0019627885742216
39.8691806793213,0.0019571826078118
39.909191370010376,0.0019086163674884
39.91701745986937,0.0019323231516796
39.957069396972656,0.0021014027807144
39.96443009376526,0.0021105532008815
40.00416684150696,0.0021620910839671
40.04899001121521,0.0021162055262959
40.053020477294936,0.002041670586868
40.09167194366454,0.001970009579087
40.09404110908508,0.0019706387284453
40.14254689216614,0.0019772327100685
40.18248248100282,0.0018356906490197
40.19827890396118,0.0017570216090158
40.22817397117613,0.0016329238220663
40.23334431648253,0.0017742546065012
40.26874804496765,0.0017509499903191
40.313829660415664,0.0018073864095064
40.33554482460022,0.00171443025553
40.3603274822235,0.0017234447497674
40.367634534835815,0.0019304268147034
40.4037024974823,0.0019620994734721
40.45687007904054,0.0019911193577747
40.46895074844362,0.0019397447248359
40.491865158081055,0.0019310688603154
40.5046820640564,0.0019644529030729
40.54113817214966,0.0018794318672282
40.5883846282959,0.0018404422421926
40.599713087081895,0.0016703487497996
40.6316921710968,0.0016410815218056
40.6494860649109,0.0014873753803316
40.680527687072754,0.0014119703215672
40.73237442970276,0.0014659687871816
40.7419650554657,0.0014737889784498
40.77472114562988,0.0014862005330462
40.7902228832245,0.0015219770986721
40.817076683044434,0.001538876405662
40.82876038551329,0.0015495676102704
40.86762261390686,0.0016269085852565
40.912705183029175,0.0016858615985276
40.92808723449707,0.0016559499451788
40.95967388153076,0.0017671902722146
40.9652636051178,0.0017781248584135
41.001170158386216,0.0017763176754967
41.05026125907898,0.001795374986053
41.05951499938966,0.0018293873284295
41.09929704666138,0.001797915323831
41.10999441146849,0.0019064009095537
41.140431404113784,0.0018655293511816
41.15492391586304,0.001864774094456
41.18940329551698,0.0016390888749287
41.2339813709259,0.0018197520805266
41.24085569381714,0.0018546239809438
41.27852272987366,0.0018588422480431
41.29107666015625,0.0018298492832685
41.32721662521362,0.0017501452887783
41.372093200683594,0.0017487925566133
41.38956212997438,0.0016661943611323
41.41545557975769,0.0017432741673609
41.42581653594969,0.0016280857234135
41.46378207206726,0.0015833086415017
41.46477794647218,0.0015879993049046
41.51310205459593,0.0017408159347902
41.55822801589966,0.0018819785037446
41.56041479110718,0.0018197520805266
41.60525679588318,0.0018208664419785
41.61026072502138,0.0018388188852911
41.650721073150635,0.0018612051455493
41.687926054000854,0.0018652877023009
41.70425891876222,0.0018903133515012
41.73421406745909,0.0018366112716134
41.7463481426239,0.0017307202111989
41.78513026237488,0.0017187631131719
41.83956456184387,0.0018139525780935
41.87156367301942,0.001819442414553
41.88266587257385,0.0018475619679742
41.91955542564392,0.0018741478310745
41.93259572982788,0.0019571826078118
41.97297549247742,0.0019520801766369
42.020068407058716,0.0019111241150822
42.0260329246521,0.0019494805984317
42.06006956100464,0.0019979841866914
42.07387685775758,0.0019698093530593
42.10715174674988,0.0020260731381949
42.14839339256285,0.001968836536993
42.15640282630922,0.0020170981790113
42.209571361541734,0.0051074292759158
42.245640277862535,0.0065125072852527
42.294301986694336,0.0076738352662062
42.34015512466429,0.0083324325989706
42.37486147880554,0.0085055489139625
42.422120094299316,0.0088294699664867
42.42788648605345,0.0082263116722376
42.4648997783661,0.007636981830894
42.46951365470886,0.0073339324411362
42.51845407485962,0.007110098597919
42.5616228580475,0.0073772137802989
42.57376289367676,0.0073040846425477
42.60801005363466,0.0070380049353081
42.61720800399782,0.0069370042345187
42.660650968551636,0.0069060203011935
42.66256546974182,0.0067705398866215
42.708946228027344,0.0064474911446654
42.75563502311705,0.0063321935324182
42.76700377464293,0.0061270169123429
42.79995751380922,0.0061464916086619
42.8399384021759,0.0059243030972201
42.850829124450684,0.0062536852000624
42.89176654815674,0.0060154039404093
42.9344596862793,0.0059588891813101
42.93581604957582,0.0058967614629617
42.97929477691649,0.0058205605729377
42.98792958259581,0.0058935881701065
43.021251916885376,0.0059046872340283
43.068158864974976,0.0059992615465014
43.080486536026,0.005891264465754
43.12054681777954,0.0060437475015693
43.15722632408142,0.0060173238842339
43.20587968826294,0.0059569882396675
43.2488193511963,0.0058702521431669
43.25229787826538,0.0056927870869707
43.301366329193115,0.0059288381638584
43.33715677261354,0.0058458880987613
43.35184407234192,0.0051736897702186
43.384363412857056,0.0048718744549225
43.38745379447937,0.0044695703200446
43.4274618625641,0.0042237753194425
43.47380256652832,0.003742021805606
43.47455620765686,0.0032020250860595
43.51318597793578,0.0025403526518689
43.522490262985215,0.0016629447001895
43.566683530807495,0.0017399093946645
43.62361454963684,0.0019595419426267
43.656777143478394,0.0020552863676981
43.6659915447235,0.0020469075564623
43.70745229721069,0.0021534213761174
43.713921546936035,0.002251333279467
43.758244037628174,0.0023060799810977
43.79855966567993,0.0021988378681957
43.80951952934265,0.002244289346316
43.84083819389343,0.0021459248100803
43.85796022415161,0.0024728699514965
43.89271092414856,0.0024155832675543
43.93513226509094,0.0023401820226066
43.948567628860474,0.0022704983625084
43.98032236099242,0.0021490471873655
43.9935348033905,0.0021751344734586
44.031435251235976,0.0021498074156007
44.07297110557556,0.0020705277128934
44.08634567260742,0.0015644773851674
44.120410203933716,0.0032100042815271
44.133222818374634,0.0033532901007612
44.16820764541626,0.0033572030141951
44.21108388900758,0.0033971790700756
44.214797019958496,0.0033976766235589
44.26152849197388,0.0033949059823039
44.30040526390076,0.0034052635797878
44.338592529296875,0.0031864842231095
44.34986472129822,0.0017124571506577
44.39024233818054,0.0016722030638777
44.39603209495546,0.0017083391961227
44.432554483413696,0.0016157876203816
44.44833087921141,0.0016118421982306
44.483649253845215,0.0015557007987837
44.5414915084839,0.0014471680822429
44.573328495025635,0.0014482189689304
44.58031582832338,0.00146400721241
44.61633324623108,0.0013976511080989
44.674266338348374,0.0013714834006842
44.71678614616394,0.00146623781812
44.75351548194885,0.001546837990386
44.8002712726593,0.0016265275640469
44.81076097488403,0.0017506281540899
44.85735273361206,0.0018823976192998
44.90053153038026,0.0018863745727559
44.94141006469725,0.0018444791093885
44.958291769027696,0.0017809112941199
44.99638962745665,0.0016953936598889
45.03936147689819,0.0018277541529087
45.05357313156128,0.0018233712651693
45.08717894554138,0.0017797402560797
45.10524106025696,0.0018738772242294
45.13846468925476,0.0019098559013736
45.148492097854614,0.0019356445485082
45.19261407852174,0.0019920530066833
45.241806983947754,0.0021187069206865
45.25882697105408,0.0021273062074489
45.281437397003174,0.0019903268273646
45.29226517677307,0.0020748501805408
45.33016657829286,0.0022235051720617
45.338836431503296,0.0024354456347619
45.377417802810655,0.0024387749587963
45.429064035415664,0.0024354224985431
45.438127756118774,0.0023474903011522
45.468848705291734,0.0023558285255477
45.47654676437378,0.0023994341057322
45.51661205291748,0.002404618324134
45.52814722061157,0.002263738101049
45.56286644935608,0.001913923003404
45.610146284103394,0.0019041828740039
45.61801886558534,0.0018915053015228
45.65303587913513,0.0019639078472396
45.66018795967102,0.0019386696312459
45.696019649505615,0.0018962656092938
45.74447226524353,0.0016736850359461
45.75294947624205,0.0024308371889587
45.79503178596498,0.003966714741102
45.802811622619615,0.0048841648781835
45.83303904533386,0.0049458424387856
45.85307693481445,0.0051708682278289
45.89327836036682,0.0052005643429164
45.932234048843384,0.0053014007609651
45.94707798957826,0.0053150092246123
45.987486839294434,0.0039860007088319
46.025244712829576,0.0028816151183316
46.037264347076416,0.0026691090523002
46.08074188232422,0.0021629769840134
46.12958478927614,0.0019443289757366
46.168447732925415,0.0018616592050853
46.1800754070282,0.0019977303544356
46.22366261482237,0.0019639078472396
46.26180791854857,0.0019867281668504
46.2707839012146,0.0019415448984528
46.30847716331482,0.001954532159117
46.32011437416078,0.0021213381789233
46.352994918823256,0.0021957349704973
46.396294355392456,0.0022481524557879
46.408082485198975,0.0021043502390439
46.43523287773134,0.0021176694667512
46.44629955291748,0.002140535243587
46.48265027999878,0.0021773352802525
46.53284120559694,0.0019785146943966
46.57134294509888,0.001979283486429
46.58225631713867,0.0019395994767414
46.62169432640076,0.0019208290471976
46.65965962409973,0.0020044319931203
46.67114853858948,0.0019224124624992
46.704920053482056,0.0019098263980113
46.71867418289186,0.0019176582943083
46.754721403121934,0.0020824402616805
46.79580473899841,0.0020607348334761
46.81395626068115,0.0020923469949295
46.84434843063353,0.0021404299463322
46.85415101051329,0.0020927509047304
46.89365386962889,0.0021775681766291
46.89771819114685,0.002116924314479
46.9419345855713,0.0021618565202469
46.98370099067688,0.0020257671961847
46.9987349510193,0.0019793404221083
47.03425097465514,0.0020649686539631
47.0401930809021,0.0020039259299118
47.07225513458252,0.0020577522848008
47.121870279312134,0.0021400876944736
47.166887521743774,0.0024030243712368
47.18036341667175,0.0024733939732357
47.21859073638916,0.0025564712272876
47.25649642944336,0.0024776048996775
47.26956748962402,0.0024968159928204
47.30141997337341,0.0025079395280781
47.31246256828308,0.0026020205652957
47.34960269927977,0.0026004609384369
47.38984346389769,0.0024896065723064
47.40522599220276,0.0024266612071961
47.432698011398315,0.0024689476543793
47.44327974319458,0.0024644247225021
47.47822809219362,0.0025462901338982
47.529356479644775,0.0024847811122162
47.5658895969391,0.0025040046563726
47.57854199409486,0.0024641274718978
47.613713979721055,0.0023558524434385
47.66447138786316,0.002341385609519
47.70791077613829,0.0022338962076641
47.710832357406616,0.0022211979075169
47.755388021469116,0.0022696792569926
47.760948181152344,0.0021828404962061
47.80479836463928,0.0022892076732842
47.85755133628845,0.0021956066572389
47.89434766769409,0.0023504408120376
47.90490460395813,0.0022951811006514
47.935631275177016,0.0023589835904279
47.98917293548584,0.0023421074647808
48.028784990310655,0.0024050400760138
48.037434577941895,0.0024593665761471
48.074471235275254,0.0024213845619142
48.12186241149902,0.0023571436491375
48.1655032634735,0.0022400171383228
48.17151403427124,0.0023789395540387
48.21010947227478,0.0022903642427665
48.253233671188354,0.0021726461756226
48.26433491706848,0.0022557838932417
48.30364441871642,0.0021631072328307
48.31221413612366,0.0022103138552989
48.34783363342285,0.0022448918266328
48.39230036735533,0.0022105687669992
48.400281667709336,0.0021622213861497
48.43356609344481,0.0022053371878587
48.44488167762758,0.0021445589826454
48.48392128944397,0.0021148737919776
48.52862501144409,0.0020450623663277
48.53848290443422,0.002015141811592
48.57486581802368,0.0020409805115473
48.58620643615721,0.0021401403521682
48.61537981033325,0.00211915898525
48.630007982254014,0.0021081490462949
48.67609620094299,0.0022535596850588
48.716898918151855,0.0022002724388055
48.72332048416138,0.002263638534806
48.760143756866455,0.0023398689886002
48.7676944732666,0.0022172878364975
48.8094983100891,0.0022232010544568
48.847764015197754,0.0021415879313872
48.8622558116913,0.0022060780182942
48.89323019981386,0.0021424560094421
48.90429449081422,0.0021213116168746
48.9363214969635,0.0021074272651
48.98688936233522,0.0021481555426742
49.038984298706055,0.0023489300377495
49.047847032547,0.004064170516948
49.07694149017334,0.0056032793076065
49.094186782836914,0.0067432374964461
49.129854202270494,0.0072007676460923
49.182788133621216,0.007182402188533
49.223258733749375,0.0075140389345075
49.261852741241455,0.0077356906005535
49.27603769302368,0.0069572163886536
49.31803035736084,0.0059591539409812
49.36278438568115,0.0057286038539929
49.37241291999818,0.0059145652221675
49.40584373474121,0.0068518765721229
49.417090415954576,0.0074449038361343
49.46090435981749,0.0077688128573915
49.48501706123352,0.0076530419153378
49.50513553619386,0.0075302265370529
49.5536789894104,0.0077270177842061
49.563723564147935,0.0074835090390878
49.59422636032106,0.0075986002043985
49.59878706932068,0.0073600772477292
49.64031958580017,0.0068713551408692
49.68095135688782,0.0062163527774967
49.6879723072052,0.0058185466519866
49.725740909576416,0.0055771935861194
49.74138283729553,0.0050382068337347
49.78410220146179,0.0043778737476918
49.833699464797974,0.003564384447887
49.8453781604767,0.003056902889927
49.87827682495117,0.0020634673249086
49.89036417007446,0.0021768694127487
49.924186468124375,0.0021766105543837
49.93044853210449,0.0022141853460048
49.97258901596069,0.002189438777486
49.98411750793457,0.0022304884326264
50.02334761619568,0.0022420286032142
50.07884216308594,0.0021300591121367
50.11149120330809,0.0021365830450612
50.13092589378358,0.0020411185452759
50.16057538986206,0.0019079077008466
50.16374659538269,0.0018952847745021
50.2067267894745,0.0017425305944984
50.252119064331055,0.0016827838631541
50.25780367851257,0.0017061939319486
50.29625582695007,0.0017719665569093
50.30479216575621,0.0018076669700208
50.33966517448425,0.0018898661764273
50.3790864944458,0.0019265992946829
50.42727589607237,0.0019435753485915
50.435877084732056,0.0020030540768994
50.46831488609314,0.0020179081184284
50.47832679748534,0.0021484440564508
50.518608808517456,0.002036281797421
50.52660489082338,0.002076858827296
50.56278085708618,0.002097645480272
50.61004805564882,0.0020970544352857
50.62258934974669,0.0021102328051908
50.64964032173158,0.0022929705345753
50.65959787368773,0.0022660766483905
50.69181537628174,0.0022463471536207
50.74201655387877,0.0022447412217133
50.74324226379393,0.002259901634068
50.78381204605101,0.0021944515002918
50.7986102104187,0.0021798699233565
50.824180603027344,0.0021273326946487
50.8685040473938,0.0018915053015228
50.87918448448181,0.0019308645962328
50.91293430328369,0.0019598294720764
50.927938938140855,0.0020129876113845
50.96469020843506,0.0020709902942458
51.00952553749086,0.0021150336443701
51.021826744079576,0.0021760668515859
51.05776405334474,0.0021653202640091
51.05892992019653,0.0022046216670837
51.10071778297426,0.0022649823097924
51.147139787673936,0.0022268477245445
51.15427947044374,0.0022676674708831
51.19907355308534,0.0022270248410387
51.242953062057495,0.0021915737994469
51.255600452423096,0.0022226940993139
51.29111361503601,0.0021552522279454
51.33657121658325,0.0021221348857876
51.3462016582489,0.0021293976811368
51.38140106201172,0.0020938814376695
51.38868761062622,0.0020762347262997
51.428450345993056,0.0021439283072785
51.44804096221924,0.0021608658593837
51.48559427261354,0.0021461086050833
51.52871084213258,0.0022540097019742
51.54536414146423,0.0022396649462344
51.58056879043578,0.0022220348847146
51.59584021568298,0.0022513082511654
51.6263165473938,0.0025250016041817
51.66567087173462,0.0024634871180064
51.681553602218614,0.0024139732129862
51.7237913608551,0.0022799587101383
51.77137565612793,0.0022312209121305
51.77900147438049,0.0021315664073687
51.8150248527527,0.002169947299706
51.81862258911134,0.0020909461702104
51.870453119277954,0.0017839460784185
51.912273645401,0.0018978992075122
51.91605520248413,0.0018865537865547
51.96021986007689,0.002030490242071
51.96614933013916,0.0020960331468437
52.00479698181154,0.0024089962564873
52.01745271682739,0.0024310921552671
52.04431748390198,0.0024438987806643
52.09711575508118,0.0024145333537373
52.10021471977234,0.0022825768832227
52.15324282646179,0.0024178448645726
52.18493127822876,0.0024281932343972
52.192635297775254,0.0022082735023714
52.23605227470398,0.0021880486084512
52.286135673522935,0.002379057979353
52.30005788803102,0.0023183133958716
52.32387018203735,0.0022773622692754
52.330190896987915,0.0023995984835062
52.36880564689638,0.0023521901781633
52.37626671791078,0.002312448458897
52.42037034034729,0.0023942857301672
52.46752691268922,0.0023207911873933
52.47767186164856,0.0020801390574824
52.521928071975694,0.002153316708995
52.5307354927063,0.0021521388531083
52.567065477371216,0.0020371117697925
52.57658934593202,0.002153316708995
52.615558385849,0.0020393510079799
52.676048040390015,0.0020447868220095
52.71347975730896,0.0020351469544513
52.72013235092162,0.0020428018057506
52.75553941726686,0.0020204196561052
52.76105618476868,0.0019936929058239
52.8021719455719,0.0019385824353644
52.85720849037169,0.0019429084347513
52.89196705818178,0.0018513094075255
52.897468805313096,0.0018870913258333
52.937156200408936,0.0018388495279315
52.97970485687256,0.0017224309297941
53.02967286109926,0.0017866603620105
53.070626735687256,0.0016640963475382
53.07440662384033,0.0017377706789389
53.11618947982788,0.0017482124938333
53.16318607330322,0.001799763436242
53.203885078430176,0.0018445096579962
53.21424746513365,0.0019067260044705
53.25445890426636,0.0019183927310369
53.29916286468506,0.0019982943823286
53.30016398429869,0.0019107702796519
53.34239506721498,0.0020487785875261
53.345450878143296,0.0020397377876427
53.38670301437378,0.0021548338846727
53.400206327438354,0.0021905451329741
53.4461624622345,0.0022301347357259
53.49123239517212,0.0022054904835379
53.53379487991333,0.0022178722460287
53.53615617752075,0.0021526362486496
53.58042120933534,0.0022570574516416
53.586798667907715,0.0021984790792779
53.63338804244994,0.0022538847062884
53.67769718170166,0.002185729695225
53.68053197860718,0.002352812925943
53.723136901855455,0.0023880883096957
53.72379088401793,0.0024605347635975
53.76755499839781,0.0025268308146198
53.810760259628296,0.0025121374077676
53.8144907951355,0.0025818901735772
53.854542970657334,0.002577718451562
53.8619749546051,0.0025478165741397
53.90408635139465,0.0025608315921074
53.94636511802673,0.0025324662710059
53.95278596878052,0.0025002889625964
53.992402553558335,0.0025331781628702
53.997565269470215,0.0024138331574885
54.03602337837219,0.0024139265287232
54.08467960357666,0.0023979307007565
54.085689544677734,0.0023700170161439
54.12848448753358,0.0024350291491909
54.130128383636475,0.0025106341615163
54.176260471343994,0.0024647447984463
54.17859482765198,0.0024973575525541
54.22329759597778,0.0024884746756476
54.26584148406981,0.0024674637676111
54.270003080368056,0.0025747001216794
54.31335377693178,0.0025433895889805
54.313366174697876,0.0025842460725022
54.3650860786438,0.0024855520017951
54.40732407569885,0.0025168208698411
54.45367908477783,0.0025521917252915
54.45534133911134,0.0025085909963853
54.50175189971924,0.0025401086527313
54.55362844467162,0.0024215939870077
54.59021377563478,0.0024550096122926
54.59191346168518,0.0023319328317887
54.634018659591675,0.0023399171504038
54.67903661727905,0.0022253036841295
54.68159198760986,0.002249179827573
54.7197425365448,0.0021918823052504
54.72290349006654,0.0022329375080221
54.766604423522935,0.0022662009716117
54.81458067893982,0.0022824040776182
54.86168718338014,0.0023858221228173
54.870744466781616,0.0023963087856444
54.905011177062974,0.0024496560202998
54.90672707557678,0.0025466662983179
54.94277095794678,0.0025729925429092
54.947484731674194,0.0025912139382625
54.98650527000427,0.002541816154823
